Source File	Size	loadResources	load	generateSnapshots	load-configure	scan	loadDepInfo	loadInfo	checkR4R4B	generateNarratives	validate	loadLists	checkConformanceResources	checkConformanceResources2	checkConformanceResources3	generateLogicalMaps	validateExpressions	scanForUsageStats	checkURLsUnique	processProvenanceDetails	generate1	generate2	generateLogicals	makeDependencies	generateExampleZip	generateValidationPack	scanProfilesForR5	scanExamplesForR5
/fsh-generated/resources/ImplementationGuide-ans.fhir.fr.nde.json	11713	-	0	0	0	0	0	0	17	119	0	0	0	0	0	0	0	1	0	0	102	199	0	0	0	5	0	1
fsh-generated/resources/CapabilityStatement-NdE-Emetteur.json	1439	6	0	0	0	0	0	0	1	83	0	0	0	0	0	0	0	0	0	0	34	48	0	0	0	1	0	1
fsh-generated/resources/CapabilityStatement-NdE-GestionnaireDAbonnements.json	2350	5	0	0	0	0	0	0	0	29	0	0	0	0	0	0	0	0	0	0	43	25	0	0	0	1	0	0
fsh-generated/resources/CapabilityStatement-NdE-GestionnaireDeNotifications.json	1476	5	0	0	1	0	0	0	1	13	0	0	0	0	0	0	0	0	0	0	33	22	0	0	0	0	0	0
fsh-generated/resources/CapabilityStatement-NdE-Souscripteur.json	1615	5	0	0	0	0	0	0	0	12	0	0	0	0	0	0	0	0	0	0	31	17	0	0	0	1	0	0
fsh-generated/resources/CommunicationRequest-com1.json	4382	7	0	0	0	0	0	0	1	1032	0	0	0	0	0	0	0	1	0	0	32	37	0	0	0	0	0	0
fsh-generated/resources/CommunicationRequest-com2.json	3168	9	0	0	0	0	0	0	0	5	0	0	0	0	0	0	0	0	0	0	28	22	0	0	0	0	0	0
fsh-generated/resources/SearchParameter-NdE-CommunicationRequest-EventType.json	655	7	0	0	0	0	0	0	1	9	0	0	0	0	0	0	0	0	0	0	21	17	0	0	0	0	0	0
fsh-generated/resources/StructureDefinition-declarant.json	1726	6	0	14	1	0	0	0	0	59	0	0	0	0	0	0	0	0	0	0	51	817	0	1	0	2	0	0
fsh-generated/resources/StructureDefinition-event-emission-time.json	1389	5	0	27	0	0	0	0	0	13	0	0	0	0	0	0	0	0	0	0	49	248	0	0	0	1	0	0
fsh-generated/resources/StructureDefinition-event-time.json	1270	4	0	32	0	0	0	0	0	11	0	0	0	0	0	0	0	0	0	0	50	138	0	0	0	2	0	0
fsh-generated/resources/StructureDefinition-event-type.json	1770	4	0	32	0	0	0	0	0	14	0	0	0	0	0	0	0	1	0	0	52	131	0	0	0	1	0	1
fsh-generated/resources/StructureDefinition-nde-eventdeclaration.json	4777	5	0	62	1	0	0	0	0	33	0	0	1	0	0	0	0	1	0	0	128	464	0	0	0	6	0	1
fsh-generated/resources/StructureDefinition-nde-notificationrequest.json	6766	9	0	81	0	0	0	0	1	39	0	0	0	0	0	0	0	1	0	0	169	385	0	0	0	8	0	1
fsh-generated/resources/StructureDefinition-nde-subscription.json	5306	7	0	97	0	0	0	0	0	29	0	0	0	0	0	0	0	0	0	0	125	566	0	0	0	6	0	1
fsh-generated/resources/StructureDefinition-recipient-endpoint.json	1341	5	0	38	0	0	0	0	0	14	0	0	0	0	0	0	0	0	0	0	47	113	0	0	0	2	0	0
fsh-generated/resources/StructureDefinition-start.json	1301	4	0	28	0	0	0	0	0	13	0	0	0	0	0	0	0	0	0	0	35	109	0	0	0	1	0	0
fsh-generated/resources/StructureDefinition-subject.json	1651	4	0	29	1	0	0	0	0	9	0	0	0	0	0	0	0	0	0	0	32	108	0	0	0	2	0	0
fsh-generated/resources/StructureDefinition-subscriber.json	1949	5	0	27	0	0	0	0	0	9	0	0	0	0	0	0	0	1	0	0	36	106	0	0	0	1	0	0
fsh-generated/resources/StructureDefinition-subscription-date.json	1290	5	0	39	0	0	0	0	0	8	0	0	0	0	0	0	0	0	0	0	33	106	0	0	0	2	1	1
fsh-generated/resources/Subscription-sub1.json	4306	5	0	0	0	0	0	0	1	10	0	0	0	0	0	0	0	0	0	0	21	25	0	0	0	0	0	0
/fsh-generated/includes/fsh-link-references.md	1223	-	-	-	0	0	0	0	0	0	0	0	0	0	0	0	0	0	0	0	0	0	0	0	0	0	0	0
/fsh-generated/includes/menu.xml	3016	-	-	-	0	0	0	0	0	0	0	0	0	0	0	0	0	0	0	0	0	0	0	0	0	0	0	0
/input/data/features.yml	164	-	-	-	0	0	0	0	0	0	0	0	0	0	0	0	0	0	0	0	0	1	0	0	0	0	0	0
/input/pagecontent/st_flux4.md	2276	-	-	-	0	0	0	0	0	0	0	0	0	0	0	0	0	0	0	0	0	0	0	0	0	0	0	0
/input/pagecontent/specifications_techniques_introduction.md	4488	-	-	-	0	0	0	0	0	0	0	0	0	0	0	0	0	0	0	0	0	0	0	0	0	0	0	0
/input/pagecontent/specifications_techniques_flux4_Transmission_Ordre_Notification.md	2362	-	-	-	0	0	0	0	0	0	0	0	0	0	0	0	0	0	0	0	0	0	0	0	0	0	0	0
/input/pagecontent/specifications_techniques_flux3_Emission_Evenement.md	1649	-	-	-	0	0	0	0	0	0	0	0	0	0	0	0	0	0	0	0	0	0	0	0	0	0	0	0
/input/pagecontent/glossaire.md	482	-	-	-	0	0	0	0	0	0	0	0	0	0	0	0	0	0	0	0	0	1	0	0	0	0	0	0
/input/pagecontent/specifications_techniques_flux2_Suppression_Abonnement.md	976	-	-	-	0	0	0	0	0	0	0	0	0	0	0	0	0	0	0	0	0	0	0	0	0	0	0	0
/input/pagecontent/tests.md	1184	-	-	-	0	0	0	0	0	0	0	0	0	0	0	0	0	0	0	0	0	0	0	0	0	0	0	0
/input/pagecontent/norme_standard.md	25629	-	-	-	0	0	0	0	0	0	0	0	0	0	0	0	0	0	0	0	0	1	0	0	0	0	0	0
/input/pagecontent/sf1.md	119	-	-	-	0	0	0	0	0	0	0	0	0	0	0	0	0	0	0	0	0	0	0	0	0	0	0	0
/input/pagecontent/specifications_techniques_flux5_NotificationEvenement.md	573	-	-	-	0	0	0	0	0	0	0	0	0	0	0	0	0	0	0	0	0	0	0	0	0	0	0	0
/input/pagecontent/specifications_fonctionnelles.md	57799	-	-	-	0	0	0	0	0	0	0	0	0	0	0	0	0	0	0	0	0	3	0	0	0	0	0	0
/input/pagecontent/securite.md	1339	-	-	-	0	0	0	0	0	0	0	0	0	0	0	0	0	0	1	0	0	0	0	0	0	0	0	0
/input/pagecontent/construction_des_flux.md	205	-	-	-	0	0	0	0	0	0	0	0	0	0	0	0	0	0	0	0	0	0	0	0	0	0	0	0
/input/pagecontent/st_flux5.md	573	-	-	-	0	0	0	0	0	0	0	0	0	0	0	0	0	0	0	0	0	1	0	0	0	0	0	0
/input/pagecontent/specifications_techniques_flux1_Souscription_Abonnement.md	3010	-	-	-	0	0	0	0	0	0	0	0	0	0	0	0	0	0	0	0	0	0	0	0	0	0	0	0
/input/pagecontent/acronymes.md	0	-	-	-	0	0	0	0	0	0	0	0	0	0	0	0	0	0	0	0	0	0	0	0	0	0	0	0
/input/pagecontent/downloads.md	1727	-	-	-	0	0	0	0	0	0	0	0	0	0	0	0	0	0	0	0	0	0	0	0	0	0	0	0
/input/pagecontent/change-log.md	330	-	-	-	0	0	0	0	0	0	0	0	0	0	0	0	0	0	0	0	0	0	0	0	0	0	0	0
/input/pagecontent/index.md	3876	-	-	-	0	0	0	0	0	0	0	0	0	0	0	0	0	0	0	0	0	8	0	0	0	0	0	0
/input/pagecontent/st_flux3.md	1600	-	-	-	0	0	0	0	0	0	0	0	0	0	0	0	0	0	0	0	0	0	0	0	0	0	0	0
/input/pagecontent/autres_ressources.md	155	-	-	-	0	0	0	0	0	0	0	0	0	0	0	0	0	0	0	0	0	0	0	0	0	0	0	0
/template/config	0	-	-	-	0	0	0	0	0	0	0	0	0	0	0	0	0	0	0	0	0	0	0	0	0	0	0	0
/template/config/_config.yml	140	-	-	-	0	0	0	0	0	0	0	0	0	0	0	0	0	0	0	0	0	0	0	0	0	0	0	0
/input/images	0	-	-	-	0	0	0	0	0	0	0	0	0	0	0	0	0	0	0	0	0	1	0	0	0	0	0	0
/input/images/CI-SIS-NE-DA-DA-001.png	18926	-	-	-	0	0	0	0	0	0	0	0	0	0	0	0	0	0	0	0	0	0	0	0	0	0	0	0
/input/images/CI-SIS-NE-DA-SA-001.png	24917	-	-	-	0	0	0	0	0	0	0	0	0	0	0	0	0	0	0	0	0	0	0	0	0	0	0	0
/input/images/CI-SIS-NE-CU-DA-001.png	10460	-	-	-	0	0	0	0	0	0	0	0	0	0	0	0	0	0	0	0	0	0	0	0	0	0	0	0
/input/images/CI-SIS-NE-DA-EE-001.png	14505	-	-	-	0	0	0	0	0	0	0	0	0	0	0	0	0	0	0	0	0	0	0	0	0	0	0	0
/input/images/anImage.png	36288	-	-	-	0	0	0	0	0	0	0	0	0	0	0	0	0	0	0	0	0	0	0	0	0	0	0	0
/input/images/CI-SIS-NE-CU-SA-001.png	11358	-	-	-	0	0	0	0	0	0	0	0	0	0	0	0	0	0	0	0	0	0	0	0	0	0	0	0
/input/images/ci-sis-logo.png	61365	-	-	-	0	0	0	0	0	0	0	0	0	0	0	0	0	0	0	0	0	0	0	0	0	0	0	0
/input/images/CI-SIS-NE-CU-EE-001.png	7597	-	-	-	0	0	0	0	0	0	0	0	0	0	0	0	0	0	0	0	0	0	0	0	0	0	0	0
/input/images/CI-SIS-NE-CU-TO-001.png	13686	-	-	-	0	0	0	0	0	0	0	0	0	0	0	0	0	0	0	0	0	0	0	0	0	0	0	0
/input/images/CI-SIS-NE-DA-TO-001.png	25289	-	-	-	0	0	0	0	0	0	0	0	0	0	0	0	0	0	0	0	0	0	0	0	0	0	0	0
/input/images/organisationContexteMetier.png	12611	-	-	-	0	0	0	0	0	0	0	0	0	0	0	0	0	0	0	0	0	0	0	0	0	0	0	0
/input/images/TransmissionOrdreNotification.png	53113	-	-	-	0	0	0	0	0	0	0	0	0	0	0	0	0	0	0	0	0	0	0	0	0	0	0	0
/input/images/EmissionAbonnement.png	41480	-	-	-	0	0	0	0	0	0	0	0	0	0	0	0	0	0	0	0	0	0	0	0	0	0	0	0
/input/images/SouscriptionAbonnement.png	71582	-	-	-	0	0	0	0	0	0	0	0	0	0	0	0	0	0	0	0	0	0	0	0	0	0	0	0
/input/images/SuppressionAbonnement.png	2635	-	-	-	0	0	0	0	0	0	0	0	0	0	0	0	0	0	0	0	0	0	0	0	0	0	0	0
/temp/pages/_includes/artifacts.xml	12234	-	-	-	-	-	-	-	-	-	-	-	-	-	-	-	-	-	-	-	-	1	0	0	0	0	0	0
